[
  {"name": "Access Bank", "code": "044", "type": "Commercial Bank"},
  {"name": "Citibank Nigeria", "code": "051", "type": "Commercial Bank"},
  {"name": "Ecobank Nigeria", "code": "050", "type": "Commercial Bank"},
  {"name": "Fidelity Bank", "code": "070", "type": "Commercial Bank"},
  {"name": "First Bank of Nigeria", "code": "011", "type": "Commercial Bank"},
  {"name": "FCMB (First City Monument Bank)", "code": "214", "type": "Commercial Bank"},
  {"name": "GTBank (Guaranty Trust Bank)", "code": "058", "type": "Commercial Bank"},
  {"name": "Heritage Bank", "code": "030", "type": "Commercial Bank"},
  {"name": "Keystone Bank", "code": "082", "type": "Commercial Bank"},
  {"name": "Optimus Bank", "code": "107", "type": "Commercial Bank"},
  {"name": "Polaris Bank", "code": "076", "type": "Commercial Bank"},
  {"name": "Premium Trust Bank", "code": "105", "type": "Commercial Bank"},
  {"name": "Stanbic IBTC Bank", "code": "221", "type": "Commercial Bank"},
  {"name": "Standard Chartered Bank Nigeria", "code": "068", "type": "Commercial Bank"},
  {"name": "Sterling Bank", "code": "232", "type": "Commercial Bank"},
  {"name": "Titan Trust Bank", "code": "102", "type": "Commercial Bank"},
  {"name": "UBA (United Bank for Africa)", "code": "033", "type": "Commercial Bank"},
  {"name": "Union Bank of Nigeria", "code": "032", "type": "Commercial Bank"},
  {"name": "Unity Bank", "code": "215", "type": "Commercial Bank"},
  {"name": "Wema Bank", "code": "035", "type": "Commercial Bank"},
  {"name": "Globus Bank", "code": "103", "type": "Commercial Bank"},
  {"name": "Zenith Bank", "code": "023", "type": "Commercial Bank"},
  
  {"name": "Alternative Bank (Islamic)", "code": "561", "type": "Islamic Bank"},
  {"name": "Jaiz Bank (Islamic)", "code": "087", "type": "Islamic Bank"},
  {"name": "Lotus Bank (Islamic)", "code": "104", "type": "Islamic Bank"},
  {"name": "Taj Bank (Islamic)", "code": "108", "type": "Islamic Bank"},
  
  {"name": "Coronation Merchant Bank", "code": "118", "type": "Merchant Bank"},
  {"name": "FBN Merchant Bank", "code": "069", "type": "Merchant Bank"},
  {"name": "FSDH Merchant Bank", "code": "081", "type": "Merchant Bank"},
  {"name": "Greenwich Merchant Bank", "code": "019", "type": "Merchant Bank"},
  {"name": "Nova Merchant Bank", "code": "015", "type": "Merchant Bank"},
  {"name": "Rand Merchant Bank", "code": "061", "type": "Merchant Bank"},
  
  {"name": "OPay", "code": "999001", "type": "Mobile Money Operator (Fintech)"},
  {"name": "PalmPay", "code": "999002", "type": "Mobile Money Operator (Fintech)"},
  {"name": "Moniepoint", "code": "999003", "type": "Fintech (Super Agent)"},
  {"name": "Paystack", "code": "999004", "type": "Payment Gateway (Fintech)"},
  {"name": "Flutterwave", "code": "999005", "type": "Payment Gateway (Fintech)"},
  {"name": "Remita", "code": "999006", "type": "Payment Processor (Fintech)"},
  {"name": "Interswitch", "code": "999007", "type": "Payment Switch (Fintech)"},
  {"name": "NIPOutbound", "code": "999008", "type": "Payment Infrastructure"},
  {"name": "Paga", "code": "999009", "type": "Mobile Money (Fintech)"},
  {"name": "Transferwise (Wise)", "code": "999010", "type": "Money Transfer (Fintech)"},
  {"name": "Stripe", "code": "999011", "type": "Payment Gateway (Fintech)"},
  {"name": "Cellulant", "code": "999012", "type": "Payment Solutions (Fintech)"},
  {"name": "Quickteller", "code": "999013", "type": "Payment Aggregator (Fintech)"},
  {"name": "Google Pay", "code": "999014", "type": "Digital Wallet"},
  {"name": "Apple Pay", "code": "999015", "type": "Digital Wallet"},
  {"name": "9Mobile Money", "code": "999016", "type": "Telecom Money"},
  {"name": "MTN Mobile Money", "code": "999017", "type": "Telecom Money"},
  {"name": "Airtel Money", "code": "999018", "type": "Telecom Money"},
  {"name": "Glo Mobile Money", "code": "999019", "type": "Telecom Money"},
  {"name": "USSD Banking", "code": "999020", "type": "Banking Channel"},
  {"name": "Kuda Bank", "code": "999021", "type": "Digital Bank (Fintech)"},
  {"name": "Carbon (Paylite)", "code": "999022", "type": "Digital Bank (Fintech)"},
  {"name": "Opendoor Finance", "code": "999023", "type": "Fintech"},
  {"name": "Providus Bank", "code": "101", "type": "Commercial Bank"}
]
